{    
    "1": "tcpmux",
    "3": "compressnet",
    "7": "echo",
    "9": "discard",
    "13": "daytime",
    "17": "qotd",
    "19": "chargen",
    "20": "ftp-data",
    "21": "ftp",
    "22": "ssh",
    "23": "telnet",
    "25": "smtp",
    "33": "dsp",
    "37": "time",
    "42": "nameserver",
    "43": "nicname",
    "49": "tacacs",
    "53": "domain",
    "70": "gopher",
    "79": "finger",
    "80": "www-http",
    "82": "xfer",
    "83": "mit-ml-dev",
    "84": "ctf",
    "85": "mit-ml-dev",
    "88": "kerberos",
    "89": "su-mit-tg",
    "90": "dnsix",
    "99": "metagram",
    "106": "3com-tsmux",
    "109": "pop2",
    "110": "pop3",
    "111": "sunrpc",
    "113": "auth",
    "119": "nntp",
    "125": "locus-map",
    "135": "epmap",
    "139": "netbios-ssn",
    "143": "imap",
    "144": "uma",
    "146": "iso-tp0",
    "161": "snmp",
    "163": "cmip-man",
    "179": "bgp",
    "199": "smux",
    "211": "914c/g",
    "212": "anet",
    "222": "rsh-spx",
    "256": "rap",
    "259": "esro-gen",
    "264": "bgmp",
    "280": "http-mgmt",
    "311": "asip-webadmin",
    "366": "odmr",
    "389": "ldap",
    "406": "imsp",
    "407": "timbuktu",
    "416": "silverplatter",
    "417": "onmux",
    "425": "icad-el",
    "427": "svrloc",
    "443": "https",
    "444": "snpp",
    "445": "microsoft-ds",
    "458": "appleqtc",
    "464": "kpasswd",
    "465": "submissions",
    "481": "ph",
    "497": "retrospect",
    "500": "isakmp",
    "512": "exec",
    "513": "login",
    "514": "shell",
    "515": "printer",
    "524": "ncp",
    "541": "uucp-rlogin",
    "543": "klogin",
    "544": "kshell",
    "545": "appleqtcsrvr",
    "548": "afpovertcp",
    "554": "rtsp",
    "555": "dsf",
    "563": "nntps",
    "587": "submission",
    "593": "http-rpc-epmap",
    "616": "sco-sysmgr",
    "617": "sco-dtmgr",
    "625": "dec_dlm",
    "631": "ipps",
    "636": "ldaps",
    "646": "ldp",
    "648": "rrp",
    "666": "doom",
    "667": "disclose",
    "668": "mecomm",
    "683": "corba-iiop",
    "687": "asipregistry",
    "691": "msexch-routing",
    "700": "epp",
    "705": "agentx",
    "711": "cisco-tdp",
    "714": "iris-xpcs",
    "749": "kerberos-adm",
    "765": "webster",
    "777": "multiling-http",
    "800": "mdbs_daemon",
    "801": "device",
    "873": "rsync",
    "888": "cddbp",
    "900": "omginitialrefs",
    "901": "smpnameres",
    "902": "ideafarm-door",
    "903": "ideafarm-panic",
    "911": "xact-backup",
    "912": "apex-mesh",
    "990": "ftps",
    "992": "telnets",
    "993": "imaps",
    "995": "pop3s",
    "999": "puprouter",
    "1000": "cadlock2",
    "1001": "webpush",
    "1010": "surf",
    "1021": "exp1",
    "1022": "exp2",
    "1025": "blackjack",
    "1026": "cap",
    "1029": "solid-mux",
    "1033": "netinfo-local",
    "1034": "activesync",
    "1035": "mxxrlogin",
    "1036": "nsstp",
    "1037": "ams",
    "1038": "mtqp",
    "1039": "sbl",
    "1040": "netarx",
    "1041": "danf-ak2",
    "1042": "afrog",
    "1043": "boinc-client",
    "1044": "dcutility",
    "1045": "fpitp",
    "1046": "wfremotertm",
    "1047": "neod1",
    "1048": "neod2",
    "1049": "td-postman",
    "1050": "cma",
    "1051": "optima-vnet",
    "1052": "ddt",
    "1053": "remote-as",
    "1054": "brvread",
    "1055": "ansyslmd",
    "1056": "vfo",
    "1057": "startron",
    "1058": "nim",
    "1059": "nimreg",
    "1060": "polestar",
    "1061": "kiosk",
    "1062": "veracity",
    "1063": "kyoceranetdev",
    "1064": "jstel",
    "1065": "syscomlan",
    "1066": "fpo-fns",
    "1067": "instl_boots",
    "1068": "instl_bootc",
    "1069": "cognex-insight",
    "1070": "gmrupdateserv",
    "1071": "bsquare-voip",
    "1072": "cardax",
    "1073": "bridgecontrol",
    "1074": "warmspotMgmt",
    "1075": "rdrmshc",
    "1076": "dab-sti-c",
    "1077": "imgames",
    "1078": "avocent-proxy",
    "1079": "asprovatalk",
    "1080": "socks",
    "1081": "pvuniwien",
    "1082": "amt-esd-prot",
    "1083": "ansoft-lm-1",
    "1084": "ansoft-lm-2",
    "1085": "webobjects",
    "1086": "cplscrambler-lg",
    "1087": "cplscrambler-in",
    "1088": "cplscrambler-al",
    "1089": "ff-annunc",
    "1090": "ff-fms",
    "1091": "ff-sm",
    "1092": "obrpd",
    "1093": "proofd",
    "1094": "rootd",
    "1095": "nicelink",
    "1096": "cnrprotocol",
    "1097": "sunclustermgr",
    "1098": "rmiactivation",
    "1099": "rmiregistry",
    "1100": "mctp",
    "1102": "adobeserver-1",
    "1104": "xrl",
    "1105": "ftranhc",
    "1106": "isoipsigport-1",
    "1107": "isoipsigport-2",
    "1108": "ratio-adp",
    "1110": "webadmstart",
    "1111": "lmsocialserver",
    "1112": "icp",
    "1113": "ltp-deepspace",
    "1114": "mini-sql",
    "1117": "ardus-mtrns",
    "1119": "bnetgame",
    "1121": "rmpp",
    "1122": "availant-mgr",
    "1123": "murray",
    "1124": "hpvmmcontrol",
    "1126": "hpvmmdata",
    "1130": "casp",
    "1131": "caspssl",
    "1132": "kvm-via-ip",
    "1137": "trim",
    "1138": "encrypted_admin",
    "1141": "mxomss",
    "1145": "x9-icue",
    "1147": "capioverlan",
    "1148": "elfiq-repl",
    "1149": "bvtsonar",
    "1151": "unizensus",
    "1152": "winpoplanmess",
    "1154": "resacommunity",
    "1163": "sddp",
    "1164": "qsm-proxy",
    "1165": "qsm-gui",
    "1166": "qsm-remote",
    "1169": "tripwire",
    "1174": "fnet-remote-ui",
    "1175": "dossier",
    "1183": "llsurfup-http",
    "1185": "catchpole",
    "1186": "mysql-cluster",
    "1187": "alias",
    "1192": "caids-sensor",
    "1198": "cajo-discovery",
    "1199": "dmidi",
    "1201": "nucleus-sand",
    "1213": "mpc-lifenet",
    "1216": "etebac5",
    "1217": "hpss-ndapi",
    "1218": "aeroflight-ads",
    "1233": "univ-appserver",
    "1234": "search-agent",
    "1236": "bvcontrol",
    "1244": "isbconference1",
    "1247": "visionpyramid",
    "1248": "hermes",
    "1259": "opennl-voice",
    "1271": "excw",
    "1272": "cspmlockmgr",
    "1277": "miva-mqs",
    "1287": "routematch",
    "1296": "dproxy",
    "1300": "h323hostcallsc",
    "1309": "jtag-server",
    "1310": "husky",
    "1311": "rxmon",
    "1322": "novation",
    "1328": "ewall",
    "1334": "writesrv",
    "1352": "lotusnote",
    "1417": "timbuktu-srv1",
    "1433": "ms-sql-s",
    "1434": "ms-sql-m",
    "1443": "ies-lm",
    "1455": "esl-lm",
    "1461": "ibm_wrless_lan",
    "1494": "ica",
    "1500": "vlsi-lm",
    "1501": "saiscm",
    "1503": "imtc-mcs",
    "1521": "ncube-lm",
    "1524": "ingreslock",
    "1533": "virtual-places",
    "1556": "veritas_pbx",
    "1580": "tn-tl-r1",
    "1583": "simbaexpress",
    "1594": "sixtrak",
    "1600": "issd",
    "1641": "invision",
    "1658": "sixnetudr",
    "1666": "netview-aix-6",
    "1687": "nsjtp-ctrl",
    "1688": "nsjtp-data",
    "1700": "mps-raft",
    "1717": "fj-hdnet",
    "1718": "h323gatedisc",
    "1719": "h323gatestat",
    "1720": "h323hostcall",
    "1721": "caicci",
    "1723": "pptp",
    "1755": "ms-streaming",
    "1761": "cft-0",
    "1782": "hp-hcip",
    "1801": "msmq",
    "1805": "enl-name",
    "1812": "radius",
    "1839": "netopia-vo1",
    "1840": "netopia-vo2",
    "1862": "mysql-cm-agent",
    "1863": "msnp",
    "1864": "paradym-31port",
    "1875": "westell-stats",
    "1900": "ssdp",
    "1914": "elm-momentum",
    "1935": "macromedia-fcs",
    "1947": "sentinelsrm",
    "1971": "netop-school",
    "1972": "intersys-cache",
    "1974": "drp",
    "1984": "bb",
    "1998": "x25-svc-port",
    "1999": "tcp-id-port",
    "2000": "cisco-sccp",
    "2001": "dc",
    "2002": "globe",
    "2003": "brutus",
    "2004": "mailbox",
    "2005": "berknet",
    "2006": "invokator",
    "2007": "dectalk",
    "2008": "conf",
    "2009": "news",
    "2010": "search",
    "2013": "raid-am",
    "2020": "xinupageserver",
    "2021": "servexec",
    "2022": "down",
    "2030": "device2",
    "2033": "glogger",
    "2034": "scoremgr",
    "2035": "imsldoc",
    "2038": "objectmanager",
    "2040": "lam",
    "2041": "interbase",
    "2042": "isis",
    "2043": "isis-bcast",
    "2045": "cdfunc",
    "2046": "sdfunc",
    "2047": "dls",
    "2048": "dls-monitor",
    "2049": "nfs",
    "2065": "dlsrpn",
    "2068": "avauthsrvprtcl",
    "2099": "h2250-annex-g",
    "2100": "amiganetfs",
    "2103": "zephyr-clt",
    "2105": "minipay",
    "2106": "mzap",
    "2107": "bintec-admin",
    "2111": "dsatp",
    "2119": "gsigatekeeper",
    "2121": "scientia-ssdb",
    "2126": "pktcable-cops",
    "2135": "gris",
    "2144": "lv-ffx",
    "2160": "apc-2160",
    "2161": "apc-2161",
    "2170": "eyetv",
    "2179": "vmrdp",
    "2190": "tivoconnect",
    "2191": "tvbus",
    "2222": "EtherNet/IP-1",
    "2251": "dif-port",
    "2260": "apc-2260",
    "2288": "netml",
    "2301": "cpq-wbem",
    "2323": "3d-nfsd",
    "2366": "qip-login",
    "2381": "compaq-https",
    "2382": "ms-olap3",
    "2383": "ms-olap4",
    "2393": "ms-olap1",
    "2394": "ms-olap2",
    "2399": "fmpro-fdal",
    "2401": "cvspserver",
    "2492": "groove",
    "2500": "rtsserv",
    "2522": "windb",
    "2525": "ms-v-worlds",
    "2557": "nicetec-mgmt",
    "2601": "discp-client",
    "2602": "discp-server",
    "2604": "nsc-ccs",
    "2605": "nsc-posa",
    "2607": "connection",
    "2608": "wag-service",
    "2638": "sybaseanywhere",
    "2701": "sms-rcinfo",
    "2702": "sms-xfer",
    "2710": "sso-service",
    "2717": "pn-requester",
    "2718": "pn-requester2",
    "2725": "msolap-ptp2",
    "2800": "acc-raid",
    "2809": "corbaloc",
    "2811": "gsiftp",
    "2869": "icslap",
    "2875": "dxmessagebase2",
    "2909": "funk-dialout",
    "2910": "tdaccess",
    "2920": "roboeda",
    "2967": "ssc-agent",
    "2968": "enpp",
    "2998": "realsecure",
    "3000": "remoteware-cl",
    "3001": "origo-native",
    "3003": "cgms",
    "3005": "geniuslm",
    "3006": "ii-admin",
    "3007": "lotusmtap",
    "3011": "trusted-web",
    "3013": "gilatskysurfer",
    "3017": "event_listener",
    "3030": "arepa-cas",
    "3031": "eppc",
    "3052": "apc-3052",
    "3071": "xplat-replicate",
    "3077": "orbix-loc-ssl",
    "3128": "ndl-aas",
    "3168": "poweronnud",
    "3211": "avsecuremgmt",
    "3221": "xnm-clear-text",
    "3260": "iscsi-target",
    "3261": "winshadow",
    "3268": "msft-gc",
    "3269": "msft-gc-ssl",
    "3283": "Apple Remote Desktop (Net Assistant)",
    "3300": "ceph",
    "3306": "mysql",
    "3333": "dec-notes",
    "3351": "btrieve",
    "3372": "tip2",
    "3389": "ms-wbt-server",
    "3390": "dsc",
    "3476": "nppmp",
    "3493": "nut",
    "3517": "802-11-iapp",
    "3527": "beserver-msg-q",
    "3551": "apcupsd",
    "3580": "nati-svrloc",
    "3659": "apple-sasl",
    "3689": "daap",
    "3690": "svn",
    "3703": "adobeserver-3",
    "3737": "xpanel",
    "3766": "sitewatch-s",
    "3784": "bfd-control",
    "3800": "pwgpsi",
    "3801": "ibm-mgr",
    "3809": "apocd",
    "3814": "neto-dcs",
    "3826": "warmux",
    "3827": "netmpi",
    "3828": "neteh",
    "3851": "spectraport",
    "3869": "ovsam-mgmt",
    "3871": "avocent-adsap",
    "3878": "fotogcad",
    "3880": "igrs",
    "3889": "dandv-tester",
    "3905": "mupdate",
    "3914": "listcrt-port-2",
    "3918": "pktcablemmcops",
    "3920": "exasoftport1",
    "3945": "emcads",
    "3971": "lanrevserver",
    "3986": "mapper-ws_ethd",
    "3995": "iss-mgmt-ssl",
    "3998": "dnx",
    "4000": "terabase",
    "4001": "newoak",
    "4002": "pxc-spvr-ft",
    "4003": "pxc-splr-ft",
    "4004": "pxc-roid",
    "4005": "pxc-pin",
    "4006": "pxc-spvr",
    "4045": "npp",
    "4111": "xgrid",
    "4125": "opsview-envoy",
    "4126": "ddrepl",
    "4129": "nuauth",
    "4321": "rwhois",
    "4343": "unicall",
    "4443": "pharos",
    "4444": "nv-video",
    "4445": "upnotifyp",
    "4446": "n1-fwp",
    "4449": "privatewire",
    "4550": "gds-adppiw-db",
    "4567": "tram",
    "4662": "oms",
    "4848": "appserv-http",
    "4899": "radmin-port",
    "4900": "hfcs",
    "5000": "commplex-main",
    "5001": "commplex-link",
    "5002": "rfe",
    "5003": "fmpro-internal",
    "5004": "avt-profile-1",
    "5009": "winfs",
    "5030": "surfpass",
    "5033": "jtnetd-server",
    "5050": "mmcc",
    "5051": "ita-agent",
    "5054": "rlm-admin",
    "5060": "sip",
    "5061": "sips",
    "5080": "onscreen",
    "5087": "biotic",
    "5100": "socalia",
    "5101": "talarian-tcp",
    "5102": "oms-nonsecure",
    "5120": "barracuda-bbs",
    "5190": "aol",
    "5200": "targus-getdata",
    "5221": "3exmp",
    "5222": "xmpp-client",
    "5225": "hp-server",
    "5226": "hp-status",
    "5269": "xmpp-server",
    "5280": "xmpp-bosh",
    "5298": "presence",
    "5357": "wsdapi",
    "5405": "netsupport",
    "5414": "statusd",
    "5431": "park-agent",
    "5432": "postgresql",
    "5500": "fcp-addr-srvr1",
    "5550": "cbus",
    "5555": "personal-agent",
    "5566": "westec-connect",
    "5631": "pcanywheredata",
    "5633": "beorl",
    "5666": "nrpe",
    "5678": "rrac",
    "5679": "dccm",
    "5718": "dpm",
    "5730": "unieng",
    "5859": "wherehoo",
    "5900": "rfb",
    "5910": "cm",
    "5911": "cpdlc",
    "5963": "indy",
    "5987": "wbem-rmi",
    "5988": "wbem-http",
    "5989": "wbem-https",
    "5999": "cvsup",
    "6000": "x11",
    "6100": "synchronet-db",
    "6101": "synchronet-rtc",
    "6106": "mpsserver",
    "6112": "dtspcd",
    "6123": "backup-express",
    "6346": "gnutella-svc",
    "6389": "clariion-evr01",
    "6502": "boks_servm",
    "6510": "mcer-port",
    "6543": "lds-distrib",
    "6547": "apc-6547",
    "6566": "sane-port",
    "6580": "parsec-master",
    "6669": "ircu",
    "6689": "tsa",
    "6788": "smc-http",
    "6789": "radg",
    "6901": "jetstream",
    "6969": "acmsoda",
    "7000": "afs3-fileserver",
    "7001": "afs3-callback",
    "7002": "afs3-prserver",
    "7004": "afs3-kaserver",
    "7007": "afs3-bos",
    "7019": "doceri-ctl",
    "7025": "vmsvc-2",
    "7070": "arcp",
    "7100": "font-service",
    "7200": "fodms",
    "7201": "dlip",
    "7402": "rtps-dd-mt",
    "7443": "oracleas-https",
    "7627": "soap-http",
    "7676": "imqbrokerd",
    "7741": "scriptview",
    "7777": "cbt",
    "7778": "interwise",
    "7800": "asr",
    "7999": "irdmi2",
    "8000": "irdmi",
    "8001": "vcom-tunnel",
    "8002": "teradataordbms",
    "8007": "warppipe",
    "8008": "http-alt",
    "8009": "nvme-disc",
    "8021": "intu-ec-client",
    "8022": "oa-system",
    "8042": "fs-agent",
    "8080": "http-alt",
    "8081": "sunproxyadmin",
    "8082": "us-cli",
    "8083": "us-srv",
    "8084": "websnp",
    "8086": "d-s-n",
    "8087": "simplifymedia",
    "8088": "radan-http",
    "8090": "opsmessaging",
    "8100": "xprint-server",
    "8181": "intermapper",
    "8192": "spytechphone",
    "8194": "blp1",
    "8200": "trivnet1",
    "8292": "blp3",
    "8300": "tmi",
    "8383": "m2mservices",
    "8400": "cvd",
    "8402": "abarsd",
    "8443": "pcsync-https",
    "8500": "fmtp",
    "8600": "asterix",
    "8800": "sunwebadmin",
    "8873": "dxspider",
    "8888": "ddi-tcp-1",
    "8899": "ospf-lite",
    "9000": "cslistener",
    "9001": "etlservicemgr",
    "9002": "dynamid",
    "9009": "pichat",
    "9010": "sdr",
    "9050": "versiera",
    "9080": "glrpc",
    "9090": "websm",
    "9091": "xmltec-xmlmail",
    "9100": "pdl-datastream",
    "9101": "bacula-dir",
    "9102": "bacula-fd",
    "9103": "bacula-sd",
    "9111": "hexxorecore",
    "9200": "wap-wsp",
    "9207": "wap-vcal-s",
    "9418": "git",
    "9500": "ismserver",
    "9535": "mngsuite",
    "9593": "cba8",
    "9594": "msgsys",
    "9595": "pds",
    "9618": "condor",
    "9666": "zoomcp",
    "9876": "sd",
    "9877": "x510",
    "9898": "monkeycom",
    "9900": "iua",
    "9998": "distinct32",
    "9999": "distinct",
    "10000": "ndmp",
    "10001": "scp-config",
    "10002": "documentum",
    "10003": "documentum_s",
    "10004": "emcrmirccd",
    "10009": "swdtp-sv",
    "10010": "rxapi",
    "11110": "sgi-soap",
    "11111": "vce",
    "11967": "sysinfo-sp",
    "12000": "entextxid",
    "12345": "italk",
    "13722": "bpjava-msvc",
    "13782": "bpcd",
    "13783": "vopied",
    "14000": "scotty-ft",
    "15000": "hydap",
    "15002": "onep-tls",
    "15660": "bex-xr",
    "16000": "fmsas",
    "16001": "fmsascon",
    "16992": "amt-soap-http",
    "16993": "amt-soap-https",
    "19283": "keysrvr",
    "19315": "keyshadow",
    "20000": "dnp",
    "20005": "openwebnet",
    "20222": "ipulse-ics",
    "30000": "ndmps",
    "32768": "filenet-tms",
    "32769": "filenet-rpc",
    "32770": "filenet-nch",
    "32771": "filenet-rmi",
    "32772": "filenet-pa",
    "32773": "filenet-cm",
    "32774": "filenet-re",
    "32775": "filenet-pch",
    "32776": "filenet-peior",
    "32777": "filenet-obrok",
    "42510": "caerpc"
}